epoch,step,train_loss,val_loss
0,234,,0.8245856165885925
0,234,0.9009407162666321,
1,469,,0.8142210245132446
1,469,0.7502871751785278,
2,704,,0.7691344022750854
2,704,0.7219886183738708,
3,939,,0.7349510788917542
3,939,0.7083582878112793,
4,1174,,0.7337192296981812
4,1174,0.6901674866676331,
