epoch,step,train_loss,val_loss
0,234,,0.9571484327316284
0,234,0.7356587648391724,
1,469,,0.8390933275222778
1,469,0.5394725203514099,
2,704,,1.6396511793136597
2,704,0.49594664573669434,
3,939,,0.605800986289978
3,939,0.41606155037879944,
4,1174,,0.6386558413505554
4,1174,0.3388736844062805,
